{
  "providers": [
    {
      "type": "bitmap",
      "file": "minecraft:gui/sprites/abilities.png",
      "ascent": 0,
      "height": 24,
      "chars": ["\ue001"]
    },
    {
      "type": "bitmap",
      "file": "minecraft:gui/sprites/abilities2.png",
      "ascent": 0,
      "height": 24,
      "chars": ["\ue002"]
    },
    {
      "type": "bitmap",
      "file": "minecraft:gui/sprites/abilities3.png",
      "ascent": 0,
      "height": 24,
      "chars": ["\ue003"]
    },
    {
      "type": "bitmap",
      "file": "minecraft:gui/sprites/abilities4.png",
      "ascent": 0,
      "height": 24,
      "chars": ["\ue004"]
    },
    {
      "type": "bitmap",
      "file": "minecraft:gui/sprites/abilities5.png",
      "ascent": 0,
      "height": 24,
      "chars": ["\ue005"]
    },
    {
      "type": "bitmap",
      "file": "minecraft:gui/sprites/abilities6.png",
      "ascent": 0,
      "height": 24,
      "chars": ["\ue006"]
    },
    {
      "type": "bitmap",
      "file": "minecraft:gui/sprites/abilities7.png",
      "ascent": 0,
      "height": 24,
      "chars": ["\ue007"]
    },
    {
      "type": "bitmap",
      "file": "minecraft:gui/sprites/abilities8.png",
      "ascent": 0,
      "height": 24,
      "chars": ["\ue008"]
    },
    {
      "type": "bitmap",
      "file": "minecraft:gui/sprites/abilities9.png",
      "ascent": 0,
      "height": 24,
      "chars": ["\ue009"]
    },
    {
      "type": "bitmap",
      "file": "minecraft:gui/sprites/reroller.png",
      "ascent": 0,
      "height": 24,
      "chars": ["\ue015"]
    },
    {
      "type": "bitmap",
      "file": "minecraft:gui/sprites/upgrader.png",
      "ascent": 0,
      "height": 24,
      "chars": ["\ue016"]
    },
    {
      "type": "bitmap",
      "file": "minecraft:gui/sprites/abilities11.png",
      "ascent": 0,
      "height": 24,
      "chars": ["\ue017"]
    },
    {
      "type": "bitmap",
      "file": "minecraft:gui/sprites/abilities12.png",
      "ascent": 0,
      "height": 24,
      "chars": ["\ue018"]
    },
    {
      "type": "bitmap",
      "file": "minecraft:gui/sprites/lightning_storm.png",
      "ascent": 0,
      "height": 24,
      "chars": ["\ue049"]
    },
    {
      "type": "bitmap",
      "file": "minecraft:gui/sprites/whirlwind.png",
      "ascent": 0,
      "height": 24,
      "chars": ["\ue04a"]
    }
  ]
}
